Date,HomeTeamName,AwayTeamName,HomeTeamGoals,AwayTeamGoals,Stage,SpecialWinConditions,Stadium,City,Attendance,Year
1960/7/6,France,Yugoslavia,4,5,Semi-finals,,Parc des Princes, Paris,26370,1960
1960/7/6,Czechoslovakia,Soviet Union,0,3,Semi-finals,,Stade V茅lodrome, Marseille,25184,1960
1960/7/9,Czechoslovakia,France,2,0,Third place play-off,,Stade V茅lodrome, Marseille,9438,1960
1960/7/10,Soviet Union,Yugoslavia,2,1,Final,Soviet Union win after extra time ,Parc des Princes, Paris,17966,1960
1964/6/17,Spain,Hungary,2,1,Semi-finals,Spain win after extra time ,Santiago Bernab茅u, Madrid,34713,1964
1964/6/17,Denmark,Soviet Union,0,3,Semi-finals,,Camp Nou, Barcelona,38556,1964
1964/6/20,Hungary,Denmark,3,1,Third place play-off,Hungary win after extra time ,Camp Nou, Barcelona,3869,1964
1964/6/21,Spain,Soviet Union,2,1,Final,,Santiago Bernab茅u, Madrid,79115,1964
1968/6/5,Italy,Soviet Union,0,0,Semi-finals,Soviet Union win after extra time ,Stadio San Paolo, Naples,68582,1968
1968/6/5,Yugoslavia,England,1,0,Semi-finals,,Stadio Comunale, Florence,21834,1968
1968/6/8,England,Soviet Union,2,0,Third place play-off,,Stadio Olimpico, Rome,68817,1968
1968/6/8,Italy,Yugoslavia,1,1,Final,Yugoslavia win after extra time ,Stadio Olimpico, Rome,68817,1968
1968/6/10,Italy,Yugoslavia,2,0,Final,,Stadio Olimpico, Rome,32886,1968
1972/6/14,Hungary,Soviet Union,0,1,Semi-finals,,Stade 脡mile Vers茅, Brussels,1659,1972
1972/6/14,Belgium,West Germany,1,2,Semi-finals,,Bosuilstadion, Antwerp,55669,1972
1972/6/17,Hungary,Belgium,1,2,Third place play-off,,Stade Maurice Dufrasne, Li猫ge,6184,1972
1972/6/18,West Germany,Soviet Union,3,0,Final,,Heysel Stadium, Brussels,43066,1972
1976/6/16,Czechoslovakia,Netherlands,3,1,Semi-finals,Czechoslovakia win after extra time ,Stadion Maksimir, Zagreb,17879,1976
1976/6/17,Yugoslavia,West Germany,2,4,Semi-finals,West Germany win after extra time ,Red Star Stadium, Belgrade,50652,1976
1976/6/19,Netherlands,Yugoslavia,3,2,Third place play-off,Netherlands win after extra time ,Stadion Maksimir, Zagreb,6766,1976
1976/6/20,Czechoslovakia,West Germany,2,2,Final,Czechoslovakia win on Penalities 5鈥?,Red Star Stadium, Belgrade,30790,1976
1980/6/11,Czechoslovakia,West Germany,0,1,Group 1,,Stadio Olimpico, Rome,10500,1980
1980/6/11,Netherlands,Greece,1,0,Group 1,,Stadio San Paolo, Naples,14990,1980
1980/6/14,West Germany,Netherlands,3,2,Group 1,,Stadio San Paolo, Naples,29889,1980
1980/6/14,Greece,Czechoslovakia,1,3,Group 1,,Stadio Olimpico, Rome,7614,1980
1980/6/17,Netherlands,Czechoslovakia,1,1,Group 1,,San Siro, Milan,11889,1980
1980/6/17,Greece,West Germany,0,0,Group 1,,Stadio Comunale, Turin,13901,1980
1980/6/12,Belgium,England,1,1,Group 2,,Stadio Comunale, Turin,15186,1980
1980/6/12,Spain,Italy,0,0,Group 2,,San Siro, Milan,46337,1980
1980/6/15,Belgium,Spain,2,1,Group 2,,San Siro, Milan,11430,1980
1980/6/15,England,Italy,0,1,Group 2,,Stadio Comunale, Turin,59649,1980
1980/6/18,Spain,England,1,2,Group 2,,Stadio San Paolo, Naples,14440,1980
1980/6/18,Italy,Belgium,0,0,Group 2,,Stadio Olimpico, Rome,42318,1980
1980/6/21,Czechoslovakia,Italy,1,1,Third place play-off,,Stadio San Paolo, Naples,24652,1980
1980/6/22,Belgium,West Germany,1,2,Final,,Stadio Olimpico, Rome,47860,1980
1984/6/12,France,Denmark,1,0,Group 1,,Parc des Princes, Paris,47570,1984
1984/6/13,Belgium,Yugoslavia,2,0,Group 1,,Stade F茅lix-Bollaert, Lens,41525,1984
1984/6/16,France,Belgium,5,0,Group 1,,Stade de la Beaujoire, Nantes,51359,1984
1984/6/16,Denmark,Yugoslavia,5,0,Group 1,,Stade de Gerland, Lyon,34736,1984
1984/6/19,France,Yugoslavia,3,2,Group 1,,Stade Geoffroy-Guichard, Saint-脡tienne,47510,1984
1984/6/19,Denmark,Belgium,3,2,Group 1,,Stade de la Meinau, Strasbourg,36911,1984
1984/6/14,West Germany,Portugal,0,0,Group 2,,Stade de la Meinau, Strasbourg,44707,1984
1984/6/14,Romania,Spain,1,1,Group 2,,Stade Geoffroy-Guichard, Saint-脡tienne,16972,1984
1984/6/17,West Germany,Romania,2,1,Group 2,,Stade F茅lix-Bollaert, Lens,31787,1984
1984/6/17,Portugal,Spain,1,1,Group 2,,Stade V茅lodrome, Marseille,24364,1984
1984/6/20,West Germany,Spain,0,1,Group 2,,Parc des Princes, Paris,47691,1984
1984/6/20,Portugal,Romania,1,0,Group 2,,Stade de la Beaujoire, Nantes,24464,1984
1984/6/23,France,Portugal,3,2,Semi-finals,France win after extra time ,Stade V茅lodrome, Marseille,54848,1984
1984/6/24,Denmark,Spain,1,1,Semi-finals,Spain win on Penalities 4鈥?,Stade de Gerland, Lyon,47843,1984
1984/6/27,France,Spain,2,0,Final,,Parc des Princes, Paris,47368,1984
1988/6/10,West Germany,Italy,1,1,Group 1,,Rheinstadion, D眉sseldorf,62552,1988
1988/6/11,Denmark,Spain,2,3,Group 1,,Niedersachsenstadion, Hanover,55707,1988
1988/6/14,West Germany,Denmark,2,0,Group 1,,Parkstadion, Gelsenkirchen,64812,1988
1988/6/14,Italy,Spain,1,0,Group 1,,Waldstadion, Frankfurt,47506,1988
1988/6/17,West Germany,Spain,2,0,Group 1,,Olympiastadion, Munich,63802,1988
1988/6/17,Italy,Denmark,2,0,Group 1,,M眉ngersdorfer Stadion, Cologne,53951,1988
1988/6/12,England,Republic of Ireland,0,1,Group 2,,Neckarstadion, Stuttgart,51373,1988
1988/6/12,Netherlands,Soviet Union,0,1,Group 2,,M眉ngersdorfer Stadion, Cologne,54336,1988
1988/6/15,England,Netherlands,1,3,Group 2,,Rheinstadion, D眉sseldorf,63940,1988
1988/6/15,Republic of Ireland,Soviet Union,1,1,Group 2,,Niedersachsenstadion, Hanover,38308,1988
1988/6/18,England,Soviet Union,1,3,Group 2,,Waldstadion, Frankfurt,48335,1988
1988/6/18,Republic of Ireland,Netherlands,0,1,Group 2,,Parkstadion, Gelsenkirchen,64731,1988
1988/6/21,West Germany,Netherlands,1,2,Semi-finals,,Volksparkstadion, Hamburg,56115,1988
1988/6/22,Soviet Union,Italy,2,0,Semi-finals,,Neckarstadion, Stuttgart,61606,1988
1988/6/25,Soviet Union,Netherlands,0,2,Final,,Olympiastadion, Munich,62770,1988
1992/6/10,Sweden,France,1,1,Group 1,,R氓sunda Stadium, Solna,29860,1992
1992/6/11,Denmark,England,0,0,Group 1,,Malm枚 Stadion, Malm枚,26385,1992
1992/6/14,France,England,0,0,Group 1,,Malm枚 Stadion, Malm枚,26535,1992
1992/6/14,Sweden,Denmark,1,0,Group 1,,R氓sunda Stadium, Solna,29902,1992
1992/6/17,Sweden,England,2,1,Group 1,,R氓sunda Stadium, Solna,30126,1992
1992/6/17,France,Denmark,1,2,Group 1,,Malm枚 Stadion, Malm枚,25763,1992
1992/6/12,Netherlands,Scotland,1,0,Group 2,,Ullevi, Gothenburg,35720,1992
1992/6/12,CIS,Germany,1,1,Group 2,,Idrottsparken, Norrk枚ping,17410,1992
1992/6/15,Scotland,Germany,0,2,Group 2,,Idrottsparken, Norrk枚ping,17638,1992
1992/6/15,Netherlands,CIS,0,0,Group 2,,Ullevi, Gothenburg,34440,1992
1992/6/18,Netherlands,Germany,3,1,Group 2,,Ullevi, Gothenburg,37725,1992
1992/6/18,Scotland,CIS,3,0,Group 2,,Idrottsparken, Norrk枚ping,14660,1992
1992/6/21,Sweden,Germany,2,3,Semi-finals,,R氓sunda Stadium, Solna,28827,1992
1992/6/22,Netherlands,Denmark,2,2,Semi-finals,Denmark win on Penalities 4鈥?,Ullevi, Gothenburg,37450,1992
1992/6/26,Denmark,Germany,2,0,Final,,Ullevi, Gothenburg,37800,1992
1996/6/8,England,Switzerland,1,1,Group A,,Wembley Stadium, London,76567,1996
1996/6/10,Netherlands,Scotland,0,0,Group A,,Villa Park, Birmingham,34363,1996
1996/6/13,Switzerland,Netherlands,0,2,Group A,,Villa Park, Birmingham,36800,1996
1996/6/15,Scotland,England,0,2,Group A,,Wembley Stadium, London,76864,1996
1996/6/18,Scotland,Switzerland,1,0,Group A,,Villa Park, Birmingham,34926,1996
1996/6/18,Netherlands,England,1,4,Group A,,Wembley Stadium, London,76798,1996
1996/6/9,Spain,Bulgaria,1,1,Group B,,Elland Road, Leeds,24006,1996
1996/6/10,Romania,France,0,1,Group B,,St James' Park, Newcastle,26323,1996
1996/6/13,Bulgaria,Romania,1,0,Group B,,St James' Park, Newcastle,19107,1996
1996/6/15,France,Spain,1,1,Group B,,Elland Road, Leeds,35626,1996
1996/6/18,France,Bulgaria,3,1,Group B,,St James' Park, Newcastle,26976,1996
1996/6/18,Romania,Spain,1,2,Group B,,Elland Road, Leeds,32719,1996
1996/6/9,Germany,Czech Republic,2,0,Group C,,Old Trafford, Manchester,37300,1996
1996/6/11,Italy,Russia,2,1,Group C,,Anfield, Liverpool,35120,1996
1996/6/14,Czech Republic,Italy,2,1,Group C,,Anfield, Liverpool,37320,1996
1996/6/16,Russia,Germany,0,3,Group C,,Old Trafford, Manchester,50760,1996
1996/6/19,Russia,Czech Republic,3,3,Group C,,Anfield, Liverpool,21128,1996
1996/6/19,Italy,Germany,0,0,Group C,,Old Trafford, Manchester,53740,1996
1996/6/9,Denmark,Portugal,1,1,Group D,,Hillsborough, Sheffield,34993,1996
1996/6/11,Turkey,Croatia,0,1,Group D,,City Ground, Nottingham,22460,1996
1996/6/14,Portugal,Turkey,1,0,Group D,,City Ground, Nottingham,22670,1996
1996/6/16,Croatia,Denmark,3,0,Group D,,Hillsborough, Sheffield,33671,1996
1996/6/19,Croatia,Portugal,0,3,Group D,,City Ground, Nottingham,20484,1996
1996/6/19,Turkey,Denmark,0,3,Group D,,Hillsborough, Sheffield,28951,1996
1996/6/22,Spain,England,0,0,Quarter-finals,England win on Penalities 2鈥?,Wembley Stadium, London,75440,1996
1996/6/22,France,Netherlands,0,0,Quarter-finals,France win on Penalities 5鈥?,Anfield, Liverpool,37465,1996
1996/6/23,Germany,Croatia,2,1,Quarter-finals,,Old Trafford, Manchester,43412,1996
1996/6/23,Czech Republic,Portugal,1,0,Quarter-finals,,Villa Park, Birmingham,26832,1996
1996/6/26,France,Czech Republic,0,0,Semi-finals,Czech Republic win on Penalities 5鈥?,Old Trafford, Manchester,43877,1996
1996/6/26,Germany,England,1,1,Semi-finals,Germany win on Penalities 6鈥?,Wembley Stadium, London,75862,1996
1996/6/30,Czech Republic,Germany,1,2,Final,Germany win after extra time ,Wembley Stadium, London,73611,1996
2000/6/12,Germany,Romania,1,1,Group A,,Stade Maurice Dufrasne, Li猫ge,28500,2000
2000/6/12,Portugal,England,3,2,Group A,,Philips Stadion, Eindhoven,31500,2000
2000/6/17,Romania,Portugal,0,1,Group A,,GelreDome, Arnhem,28400,2000
2000/6/17,England,Germany,1,0,Group A,,Stade du Pays de Charleroi, Charleroi,29000,2000
2000/6/20,England,Romania,2,3,Group A,,Stade du Pays de Charleroi, Charleroi,30000,2000
2000/6/20,Portugal,Germany,3,0,Group A,,Feijenoord Stadion, Rotterdam,44000,2000
2000/6/10,Belgium,Sweden,2,1,Group B,,King Baudouin Stadium, Brussels,46700,2000
2000/6/11,Turkey,Italy,1,2,Group B,,GelreDome, Arnhem,22500,2000
2000/6/14,Italy,Belgium,2,0,Group B,,King Baudouin Stadium, Brussels,44500,2000
2000/6/15,Sweden,Turkey,0,0,Group B,,Philips Stadion, Eindhoven,27000,2000
2000/6/19,Turkey,Belgium,2,0,Group B,,King Baudouin Stadium, Brussels,48000,2000
2000/6/19,Italy,Sweden,2,1,Group B,,Philips Stadion, Eindhoven,30000,2000
2000/6/13,Spain,Norway,0,1,Group C,,Feijenoord Stadion, Rotterdam,41000,2000
2000/6/13,FR Yugoslavia,Slovenia,3,3,Group C,,Stade du Pays de Charleroi, Charleroi,18500,2000
2000/6/18,Slovenia,Spain,1,2,Group C,,Amsterdam Arena, Amsterdam,51300,2000
2000/6/18,Norway,FR Yugoslavia,0,1,Group C,,Stade Maurice Dufrasne, Li猫ge,28750,2000
2000/6/21,FR Yugoslavia,Spain,3,4,Group C,,Jan Breydel Stadium, Bruges,26611,2000
2000/6/21,Slovenia,Norway,0,0,Group C,,GelreDome, Arnhem,21000,2000
2000/6/11,France,Denmark,3,0,Group D,,Jan Breydel Stadium, Bruges,28100,2000
2000/6/11,Netherlands,Czech Republic,1,0,Group D,,Amsterdam Arena, Amsterdam,50800,2000
2000/6/16,Czech Republic,France,1,2,Group D,,Jan Breydel Stadium, Bruges,27243,2000
2000/6/16,Denmark,Netherlands,0,3,Group D,,Feijenoord Stadion, Rotterdam,51425,2000
2000/6/21,Denmark,Czech Republic,0,2,Group D,,Stade Maurice Dufrasne, Li猫ge,20000,2000
2000/6/21,France,Netherlands,2,3,Group D,,Amsterdam Arena, Amsterdam,50000,2000
2000/6/24,Turkey,Portugal,0,2,Quarter-finals,,Amsterdam Arena, Amsterdam,42000,2000
2000/6/24,Italy,Romania,2,0,Quarter-finals,,King Baudouin Stadium, Brussels,41000,2000
2000/6/25,Netherlands,FR Yugoslavia,6,1,Quarter-finals,,Feijenoord Stadion, Rotterdam,44000,2000
2000/6/25,Spain,France,1,2,Quarter-finals,,Jan Breydel Stadium, Bruges,26614,2000
2000/6/28,France,Portugal,2,1,Semi-finals,France win after extra time ,King Baudouin Stadium, Brussels,48000,2000
2000/6/29,Italy,Netherlands,0,0,Semi-finals,Italy win on Penalities 3鈥?,Amsterdam Arena, Amsterdam,50000,2000
2000/7/2,France,Italy,2,1,Final,France win after extra time ,De Kuip, Rotterdam,48200,2000
2004/6/12,Portugal,Greece,1,2,Group A,,Est谩dio do Drag茫o, Porto,48761,2004
2004/6/12,Spain,Russia,1,0,Group A,,Est谩dio Algarve, Faro/Loul茅,28182,2004
2004/6/16,Greece,Spain,1,1,Group A,,Est谩dio do Bessa, Porto,25444,2004
2004/6/16,Russia,Portugal,0,2,Group A,,Est谩dio da Luz, Lisbon,59273,2004
2004/6/20,Spain,Portugal,0,1,Group A,,Est谩dio Jos茅 Alvalade, Lisbon,47491,2004
2004/6/20,Russia,Greece,2,1,Group A,,Est谩dio Algarve, Faro/Loul茅,24347,2004
2004/6/13,Switzerland,Croatia,0,0,Group B,,Est谩dio Dr. Magalh茫es Pessoa, Leiria,24090,2004
2004/6/13,France,England,2,1,Group B,,Est谩dio da Luz, Lisbon,62487,2004
2004/6/17,England,Switzerland,3,0,Group B,,Est谩dio Cidade de Coimbra, Coimbra,28214,2004
2004/6/17,Croatia,France,2,2,Group B,,Est谩dio Dr. Magalh茫es Pessoa, Leiria,29160,2004
2004/6/21,Croatia,England,2,4,Group B,,Est谩dio da Luz, Lisbon,57047,2004
2004/6/21,Switzerland,France,1,3,Group B,,Est谩dio Cidade de Coimbra, Coimbra,28111,2004
2004/6/14,Denmark,Italy,0,0,Group C,,Est谩dio D. Afonso Henriques, Guimar茫es,19595,2004
2004/6/14,Sweden,Bulgaria,5,0,Group C,,Est谩dio Jos茅 Alvalade, Lisbon,31652,2004
2004/6/18,Bulgaria,Denmark,0,2,Group C,,Est谩dio Municipal de Braga, Braga,24131,2004
2004/6/18,Italy,Sweden,1,1,Group C,,Est谩dio do Drag茫o, Porto,44926,2004
2004/6/22,Italy,Bulgaria,2,1,Group C,,Est谩dio D. Afonso Henriques, Guimar茫es,16002,2004
2004/6/22,Denmark,Sweden,2,2,Group C,,Est谩dio do Bessa, Porto,26115,2004
2004/6/15,Czech Republic,Latvia,2,1,Group D,,Est谩dio Municipal de Aveiro, Aveiro,21744,2004
2004/6/15,Germany,Netherlands,1,1,Group D,,Est谩dio do Drag茫o, Porto,48197,2004
2004/6/19,Latvia,Germany,0,0,Group D,,Est谩dio do Bessa, Porto,22344,2004
2004/6/19,Netherlands,Czech Republic,2,3,Group D,,Est谩dio Municipal de Aveiro, Aveiro,29935,2004
2004/6/23,Netherlands,Latvia,3,0,Group D,,Est谩dio Municipal de Braga, Braga,27904,2004
2004/6/23,Germany,Czech Republic,1,2,Group D,,Est谩dio Jos茅 Alvalade, Lisbon,46849,2004
2004/6/24,Portugal,England,2,2,Quarter-finals,Portugal win on Penalities 6鈥?,Est谩dio da Luz, Lisbon,62564,2004
2004/6/25,France,Greece,0,1,Quarter-finals,,Est谩dio Jos茅 Alvalade, Lisbon,45390,2004
2004/6/26,Sweden,Netherlands,0,0,Quarter-finals,Netherlands win on Penalities 4鈥?,Est谩dio Algarve, Faro/Loul茅,27762,2004
2004/6/27,Czech Republic,Denmark,3,0,Quarter-finals,,Est谩dio do Drag茫o, Porto,41092,2004
2004/6/30,Portugal,Netherlands,2,1,Semi-finals,,Est谩dio Jos茅 Alvalade, Lisbon,46679,2004
2004/7/1,Greece,Czech Republic,1,0,Semi-finals,Greece win after extra time ,Est谩dio do Drag茫o, Porto,42449,2004
2004/7/4,Portugal,Greece,0,1,Final,,Est谩dio da Luz, Lisbon,62865,2004
2008/6/7,Switzerland,Czech Republic,0,1,Group A,,St. Jakob-Park, Basel,39730,2008
2008/6/7,Portugal,Turkey,2,0,Group A,,Stade de Gen猫ve, Geneva,29106,2008
2008/6/11,Czech Republic,Portugal,1,3,Group A,,Stade de Gen猫ve, Geneva,29016,2008
2008/6/11,Switzerland,Turkey,1,2,Group A,,St. Jakob-Park, Basel,39730,2008
2008/6/15,Switzerland,Portugal,2,0,Group A,,St. Jakob-Park, Basel,39730,2008
2008/6/15,Turkey,Czech Republic,3,2,Group A,,Stade de Gen猫ve, Geneva,29016,2008
2008/6/8,Austria,Croatia,0,1,Group B,,Ernst-Happel-Stadion, Vienna,51428,2008
2008/6/8,Germany,Poland,2,0,Group B,,W枚rthersee Stadion, Klagenfurt,30461,2008
2008/6/12,Croatia,Germany,2,1,Group B,,W枚rthersee Stadion, Klagenfurt,30461,2008
2008/6/12,Austria,Poland,1,1,Group B,,Ernst-Happel-Stadion, Vienna,51428,2008
2008/6/16,Poland,Croatia,0,1,Group B,,W枚rthersee Stadion, Klagenfurt,30461,2008
2008/6/16,Austria,Germany,0,1,Group B,,Ernst-Happel-Stadion, Vienna,51428,2008
2008/6/9,Romania,France,0,0,Group C,,Letzigrund, Z眉rich,30585,2008
2008/6/9,Netherlands,Italy,3,0,Group C,,Stade de Suisse, Bern,30777,2008
2008/6/13,Italy,Romania,1,1,Group C,,Letzigrund, Z眉rich,30585,2008
2008/6/13,Netherlands,France,4,1,Group C,,Stade de Suisse, Bern,30777,2008
2008/6/17,Netherlands,Romania,2,0,Group C,,Stade de Suisse, Bern,30777,2008
2008/6/17,France,Italy,0,2,Group C,,Letzigrund, Z眉rich,30585,2008
2008/6/10,Spain,Russia,4,1,Group D,,Tivoli-Neu, Innsbruck,30772,2008
2008/6/10,Greece,Sweden,0,2,Group D,,Stadion Wals-Siezenheim, Salzburg,31063,2008
2008/6/14,Sweden,Spain,1,2,Group D,,Tivoli-Neu, Innsbruck,30772,2008
2008/6/14,Greece,Russia,0,1,Group D,,Stadion Wals-Siezenheim, Salzburg,31063,2008
2008/6/18,Greece,Spain,1,2,Group D,,Stadion Wals-Siezenheim, Salzburg,30883,2008
2008/6/18,Russia,Sweden,2,0,Group D,,Tivoli-Neu, Innsbruck,30772,2008
2008/6/19,Portugal,Germany,2,3,Quarter-finals,,St. Jakob-Park, Basel,39374,2008
2008/6/20,Croatia,Turkey,1,1,Quarter-finals,Turkey win on Penalities 1鈥?,Ernst-Happel-Stadion, Vienna,51428,2008
2008/6/21,Netherlands,Russia,1,3,Quarter-finals,Russia win after extra time ,St. Jakob-Park, Basel,38374,2008
2008/6/22,Spain,Italy,0,0,Quarter-finals,Spain win on Penalities 4鈥?,Ernst-Happel-Stadion, Vienna,51178,2008
2008/6/25,Germany,Turkey,3,2,Semi-finals,,St. Jakob-Park, Basel,39374,2008
2008/6/26,Russia,Spain,0,3,Semi-finals,,Ernst-Happel-Stadion, Vienna,51428,2008
2008/6/29,Germany,Spain,0,1,Final,,Ernst-Happel-Stadion, Vienna,51428,2008
2012/6/8,Poland,Greece,1,1,Group A,,National Stadium, Warsaw,56070,2012
2012/6/8,Russia,Czech Republic,4,1,Group A,,Stadion Miejski, Wroc艂aw,40803,2012
2012/6/12,Greece,Czech Republic,1,2,Group A,,Stadion Miejski, Wroc艂aw,41105,2012
2012/6/12,Poland,Russia,1,1,Group A,,National Stadium, Warsaw,55920,2012
2012/6/16,Czech Republic,Poland,1,0,Group A,,Stadion Miejski, Wroc艂aw,41480,2012
2012/6/16,Greece,Russia,1,0,Group A,,National Stadium, Warsaw,55614,2012
2012/6/9,Netherlands,Denmark,0,1,Group B,,Metalist Stadium, Kharkiv,35923,2012
2012/6/9,Germany,Portugal,1,0,Group B,,Arena Lviv, Lviv,32990,2012
2012/6/13,Denmark,Portugal,2,3,Group B,,Arena Lviv, Lviv,31840,2012
2012/6/13,Netherlands,Germany,1,2,Group B,,Metalist Stadium, Kharkiv,37750,2012
2012/6/17,Portugal,Netherlands,2,1,Group B,,Metalist Stadium, Kharkiv,37445,2012
2012/6/17,Denmark,Germany,1,2,Group B,,Arena Lviv, Lviv,32990,2012
2012/6/10,Spain,Italy,1,1,Group C,,PGE Arena, Gda艅sk,38869,2012
2012/6/10,Republic of Ireland,Croatia,1,3,Group C,,Stadion Miejski, Pozna艅,39550,2012
2012/6/14,Italy,Croatia,1,1,Group C,,Stadion Miejski, Pozna艅,37096,2012
2012/6/14,Spain,Republic of Ireland,4,0,Group C,,PGE Arena, Gda艅sk,39150,2012
2012/6/18,Croatia,Spain,0,1,Group C,,PGE Arena, Gda艅sk,39076,2012
2012/6/18,Italy,Republic of Ireland,2,0,Group C,,Stadion Miejski, Pozna艅,38794,2012
2012/6/11,France,England,1,1,Group D,,Donbass Arena, Donetsk,47400,2012
2012/6/11,Ukraine,Sweden,2,1,Group D,,Olympic Stadium, Kiev,64290,2012
2012/6/15,Ukraine,France,0,2,Group D,,Donbass Arena, Donetsk,48000,2012
2012/6/15,Sweden,England,2,3,Group D,,Olympic Stadium, Kiev,64640,2012
2012/6/19,England,Ukraine,1,0,Group D,,Donbass Arena, Donetsk,48700,2012
2012/6/19,Sweden,France,2,0,Group D,,Olympic Stadium, Kiev,63010,2012
2012/6/21,Czech Republic,Portugal,0,1,Quarter-finals,,National Stadium, Warsaw,55590,2012
2012/6/22,Germany,Greece,4,2,Quarter-finals,,PGE Arena, Gda艅sk,38751,2012
2012/6/23,Spain,France,2,0,Quarter-finals,,Donbass Arena, Donetsk,47000,2012
2012/6/24,England,Italy,0,0,Quarter-finals,Italy win on Penalities 2鈥?,Olympic Stadium, Kiev,64340,2012
2012/6/27,Portugal,Spain,0,0,Semi-finals,Spain win on Penalities 2鈥?,Donbass Arena, Donetsk,48000,2012
2012/6/28,Germany,Italy,1,2,Semi-finals,,National Stadium, Warsaw,55540,2012
2012/7/1,Spain,Italy,4,0,Final,,Olympic Stadium, Kiev,63170,2012
2016/6/10,France,Romania,2,1,Group A,,Stade de France, Saint-Denis,75113,2016
2016/6/11,Albania,Switzerland,0,1,Group A,,Stade Bollaert-Delelis, Lens,33805,2016
2016/6/15,Romania,Switzerland,1,1,Group A,,Parc des Princes, Paris,43576,2016
2016/6/15,France,Albania,2,0,Group A,,Stade V茅lodrome, Marseille,63670,2016
2016/6/19,Romania,Albania,0,1,Group A,,Parc Olympique Lyonnais, D茅cines-Charpieu,49752,2016
2016/6/19,Switzerland,France,0,0,Group A,,Stade Pierre-Mauroy, Villeneuve-d'Ascq,45616,2016
2016/6/11,Wales,Slovakia,2,1,Group B,,Nouveau Stade de Bordeaux, Bordeaux,37831,2016
2016/6/11,England,Russia,1,1,Group B,,Stade V茅lodrome, Marseille,62343,2016
2016/6/15,Russia,Slovakia,1,2,Group B,,Stade Pierre-Mauroy, Villeneuve-d'Ascq,38989,2016
2016/6/16,England,Wales,2,1,Group B,,Stade Bollaert-Delelis, Lens,34033,2016
2016/6/20,Russia,Wales,0,3,Group B,,Stadium Municipal, Toulouse,28840,2016
2016/6/20,Slovakia,England,0,0,Group B,,Stade Geoffroy-Guichard, Saint-脡tienne,39051,2016
2016/6/12,Poland,Northern Ireland,1,0,Group C,,Stade de Nice, Nice,33742,2016
2016/6/12,Germany,Ukraine,2,0,Group C,,Stade Pierre-Mauroy, Villeneuve-d'Ascq,43035,2016
2016/6/16,Ukraine,Northern Ireland,0,2,Group C,,Parc Olympique Lyonnais, D茅cines-Charpieu,51043,2016
2016/6/16,Germany,Poland,0,0,Group C,,Stade de France, Saint-Denis,73648,2016
2016/6/21,Ukraine,Poland,0,1,Group C,,Stade V茅lodrome, Marseille,58874,2016
2016/6/21,Northern Ireland,Germany,0,1,Group C,,Parc des Princes, Paris,44125,2016
2016/6/12,Turkey,Croatia,0,1,Group D,,Parc des Princes, Paris,43842,2016
2016/6/13,Spain,Czech Republic,1,0,Group D,,Stadium Municipal, Toulouse,29400,2016
2016/6/17,Czech Republic,Croatia,2,2,Group D,,Stade Geoffroy-Guichard, Saint-脡tienne,38376,2016
2016/6/17,Spain,Turkey,3,0,Group D,,Stade de Nice, Nice,33409,2016
2016/6/21,Czech Republic,Turkey,0,2,Group D,,Stade Bollaert-Delelis, Lens,32836,2016
2016/6/21,Croatia,Spain,2,1,Group D,,Nouveau Stade de Bordeaux, Bordeaux,37245,2016
2016/6/13,Republic of Ireland,Sweden,1,1,Group E,,Stade de France, Saint-Denis,73419,2016
2016/6/13,Belgium,Italy,0,2,Group E,,Parc Olympique Lyonnais, D茅cines-Charpieu,55408,2016
2016/6/17,Italy,Sweden,1,0,Group E,,Stadium Municipal, Toulouse,29600,2016
2016/6/18,Belgium,Republic of Ireland,3,0,Group E,,Nouveau Stade de Bordeaux, Bordeaux,39493,2016
2016/6/22,Italy,Republic of Ireland,0,1,Group E,,Stade Pierre-Mauroy, Villeneuve-d'Ascq,44268,2016
2016/6/22,Sweden,Belgium,0,1,Group E,,Stade de Nice, Nice,34011,2016
2016/6/14,Austria,Hungary,0,2,Group F,,Nouveau Stade de Bordeaux, Bordeaux,34424,2016
2016/6/14,Portugal,Iceland,1,1,Group F,,Stade Geoffroy-Guichard, Saint-脡tienne,38742,2016
2016/6/18,Iceland,Hungary,1,1,Group F,,Stade V茅lodrome, Marseille,60842,2016
2016/6/18,Portugal,Austria,0,0,Group F,,Parc des Princes, Paris,44291,2016
2016/6/22,Iceland,Austria,2,1,Group F,,Stade de France, Saint-Denis,68714,2016
2016/6/22,Hungary,Portugal,3,3,Group F,,Parc Olympique Lyonnais, D茅cines-Charpieu,55514,2016
2016/6/25,Switzerland,Poland,1,1,Round of 16,Poland win on Penalities 4鈥?,Stade Geoffroy-Guichard, Saint-脡tienne,38842,2016
2016/6/25,Wales,Northern Ireland,1,0,Round of 16,,Parc des Princes, Paris,44342,2016
2016/6/25,Croatia,Portugal,0,1,Round of 16,Portugal win after extra time ,Stade Bollaert-Delelis, Lens,33523,2016
2016/6/26,France,Republic of Ireland,2,1,Round of 16,,Parc Olympique Lyonnais, D茅cines-Charpieu,56279,2016
2016/6/26,Germany,Slovakia,3,0,Round of 16,,Stade Pierre-Mauroy, Villeneuve-d'Ascq,44312,2016
2016/6/26,Hungary,Belgium,0,4,Round of 16,,Stadium Municipal, Toulouse,28921,2016
2016/6/27,Italy,Spain,2,0,Round of 16,,Stade de France, Saint-Denis,76165,2016
2016/6/27,England,Iceland,1,2,Round of 16,,Stade de Nice, Nice,33901,2016
2016/6/30,Poland,Portugal,1,1,Quarter-finals,Portugal win on Penalities 3鈥?,Stade V茅lodrome, Marseille,62940,2016
2016/7/1,Wales,Belgium,3,1,Quarter-finals,,Stade Pierre-Mauroy, Villeneuve-d'Ascq,45936,2016
2016/7/2,Germany,Italy,1,1,Quarter-finals,Germany win on Penalities 6鈥?,Nouveau Stade de Bordeaux, Bordeaux,38764,2016
2016/7/3,France,Iceland,5,2,Quarter-finals,,Stade de France, Saint-Denis,76833,2016
2016/7/6,Portugal,Wales,2,0,Semi-finals,,Parc Olympique Lyonnais, D茅cines-Charpieu,55679,2016
2016/7/7,Germany,France,0,2,Semi-finals,,Stade V茅lodrome, Marseille,64078,2016
2016/7/10,Portugal,France,1,0,Final,Portugal win after extra time ,Stade de France, Saint-Denis,75868,2016
